sku_id,category,subcategory,total_on_hand,total_on_order,reorder_trigger,unit_cost,total_ml_forecast_units,recommended_action,rupee_impact_at_stake,date
P0001,Clothing,Clothing_General,415,67,1145,7.618,288.8400833413817,Reorder Now,5050.734,2024-01-01
P0001,Electronics,Electronics_General,497,137,1145,27.521,131.4646696789436,Reorder Now,14063.231,2024-01-01
P0001,Toys,Toys_General,223,93,1145,35.919,284.6308396798671,Reorder Now,29776.851,2024-01-01
P0002,Furniture,Furniture_General,217,73,1122,29.146,276.44002202887566,Reorder Now,24249.472,2024-01-01
P0002,Groceries,Groceries_General,364,149,1122,37.479,403.5819354672984,Reorder Now,22824.711,2024-01-01
P0003,Clothing,Clothing_General,372,132,1134,53.0465,132.42110361708666,Reorder Now,33419.295,2024-01-01
P0003,Furniture,Furniture_General,419,169,1134,47.2095,283.26524567658396,Reorder Now,25776.387,2024-01-01
P0003,Groceries,Groceries_General,112,169,1134,27.2935,155.169774505914,Reorder Now,23281.3555,2024-01-01
P0003,Toys,Toys_General,69,191,1134,14.261,141.6722238695025,Reorder Now,12464.114,2024-01-01
P0004,Furniture,Furniture_General,105,193,1139,28.2945,137.78454883419587,Reorder Now,23795.6745,2024-01-01
P0004,Groceries,Groceries_General,338,152,1139,56.1405,279.46894337245976,Reorder Now,36435.1845,2024-01-01
P0004,Toys,Toys_General,133,77,1139,16.432,265.9519555828896,Reorder Now,15265.328,2024-01-01
P0005,Electronics,Electronics_General,411,200,1158,53.404,138.43728969773082,Reorder Now,29211.988,2024-01-01
P0005,Groceries,Groceries_General,471,167,1158,10.127,133.42566860374637,Reorder Now,5266.04,2024-01-01
P0005,Toys,Toys_General,464,44,1158,11.037,405.15715157213646,Reorder Now,7174.05,2024-01-01
P0006,Electronics,Electronics_General,305,114,1143,42.094,138.3125321501669,Reorder Now,30476.056,2024-01-01
P0006,Furniture,Furniture_General,451,200,1143,15.8535,284.47875657239564,Reorder Now,7799.9220000000005,2024-01-01
P0006,Toys,Toys_General,160,78,1143,12.389,281.31649174355954,Reorder Now,11212.045,2024-01-01
P0007,Clothing,Clothing_General,256,184,1148,50.336,136.7142635783252,Reorder Now,35637.888,2024-01-01
P0007,Electronics,Electronics_General,108,74,1148,35.6655,269.2064514936176,Reorder Now,34452.873,2024-01-01
P0007,Groceries,Groceries_General,59,34,1148,40.378,139.10445891899022,Reorder Now,42598.79,2024-01-01
P0007,Toys,Toys_General,53,40,1148,41.379,138.86726756283963,Reorder Now,43654.845,2024-01-01
P0008,Electronics,Electronics_General,315,108,1123,20.371,267.2356957328588,Reorder Now,14259.699999999999,2024-01-01
P0008,Furniture,Furniture_General,218,144,1123,58.747,415.80017787084296,Reorder Now,44706.467,2024-01-01
P0009,Clothing,Clothing_General,115,139,1154,31.6225,145.66848212684278,Reorder Now,28460.25,2024-01-01
P0009,Electronics,Electronics_General,167,188,1154,62.92,290.4891636217793,Reorder Now,50273.08,2024-01-01
P0009,Furniture,Furniture_General,496,58,1154,35.516,271.25198445457545,Reorder Now,21309.6,2024-01-01
P0010,Furniture,Furniture_General,167,107,1141,26.6175,270.4891901969198,Reorder Now,23077.3725,2024-01-01
P0010,Toys,Toys_General,419,58,1141,21.762,407.3143647469551,Reorder Now,14449.968,2024-01-01
P0011,Electronics,Electronics_General,449,118,1148,59.0785,138.71812645260383,Reorder Now,34324.6085,2024-01-01
P0011,Groceries,Groceries_General,156,166,1148,64.4345,410.78182286408185,Reorder Now,53222.897,2024-01-01
P0011,Toys,Toys_General,137,46,1148,24.9795,135.86210030262552,Reorder Now,24105.217500000002,2024-01-01
P0012,Clothing,Clothing_General,108,105,1130,54.964,285.50649559449334,Reorder Now,50401.988,2024-01-01
P0012,Electronics,Electronics_General,213,175,1130,25.441,410.21627972696547,Reorder Now,18877.221999999998,2024-01-01
P0013,Electronics,Electronics_General,472,160,1151,43.719,406.8731363390578,Reorder Now,22690.161,2024-01-01
P0013,Groceries,Groceries_General,356,28,1151,38.9545,270.7369186641068,Reorder Now,29878.1015,2024-01-01
P0014,Clothing,Clothing_General,342,171,1167,45.7015,137.7161358922358,Reorder Now,29888.781000000003,2024-01-01
P0014,Electronics,Electronics_General,230,190,1167,47.71,135.72868264334096,Reorder Now,35639.37,2024-01-01
P0014,Furniture,Furniture_General,386,169,1167,34.6255,135.94589330901087,Reorder Now,21190.806,2024-01-01
P0014,Groceries,Groceries_General,293,180,1167,18.8565,133.09147837361988,Reorder Now,13086.411,2024-01-01
P0014,Toys,Toys_General,328,43,1167,43.225,140.1662160896624,Reorder Now,34407.1,2024-01-01
P0015,Clothing,Clothing_General,270,109,1166,38.87,146.35194441578767,Reorder Now,30590.69,2024-01-01
P0015,Electronics,Electronics_General,356,60,1166,16.419,138.2339047622745,Reorder Now,12314.25,2024-01-01
P0015,Furniture,Furniture_General,408,92,1166,54.119,130.17224903952086,Reorder Now,36043.254,2024-01-01
P0015,Toys,Toys_General,433,190,1166,43.901,277.3151111974082,Reorder Now,23838.243000000002,2024-01-01
P0016,Clothing,Clothing_General,314,148,1169,12.428,142.65812689645117,Reorder Now,8786.596000000001,2024-01-01
P0016,Electronics,Electronics_General,74,189,1169,26.3965,133.931680096018,Reorder Now,23915.229,2024-01-01
P0016,Furniture,Furniture_General,166,56,1169,35.8605,270.86978188425735,Reorder Now,33959.8935,2024-01-01
P0016,Toys,Toys_General,258,197,1169,26.845,144.48181000105492,Reorder Now,19167.329999999998,2024-01-01
P0017,Clothing,Clothing_General,239,26,1151,43.784,133.3771228060081,Reorder Now,38792.623999999996,2024-01-01
P0017,Electronics,Electronics_General,100,99,1151,13.3965,144.50028408078927,Reorder Now,12753.467999999999,2024-01-01
P0017,Toys,Toys_General,282,61,1151,13.442,414.35456380415405,Reorder Now,10861.136,2024-01-01
P0018,Clothing,Clothing_General,278,151,1132,7.2215,153.12231252882194,Reorder Now,5076.7145,2024-01-01
P0018,Electronics,Electronics_General,191,95,1132,15.665,274.20394724689754,Reorder Now,13252.59,2024-01-01
P0018,Groceries,Groceries_General,151,147,1132,21.346,148.54727552266473,Reorder Now,17802.564,2024-01-01
P0018,Toys,Toys_General,83,70,1132,53.9305,134.35000373316856,Reorder Now,52797.959500000004,2024-01-01
P0019,Clothing,Clothing_General,149,85,1145,53.1115,277.99260703780214,Reorder Now,48384.5765,2024-01-01
P0019,Electronics,Electronics_General,253,121,1145,40.3,134.71479365868734,Reorder Now,31071.3,2024-01-01
P0019,Furniture,Furniture_General,409,49,1145,35.2755,134.26723376676577,Reorder Now,24234.268500000002,2024-01-01
P0019,Toys,Toys_General,374,21,1145,34.541,135.98455878578255,Reorder Now,25905.749999999996,2024-01-01
P0020,Electronics,Electronics_General,242,198,1167,7.15,129.37773831892193,Reorder Now,5198.05,2024-01-01
P0020,Groceries,Groceries_General,284,172,1167,49.361,418.26081479235046,Reorder Now,35095.670999999995,2024-01-01
P0020,Toys,Toys_General,249,115,1167,21.3655,138.28755380865468,Reorder Now,17156.4965,2024-01-01
